{"cameraMode":{"drawMode":0,"name":"Shaded","section":"Shading Mode"},"sceneLighting":true,"audioPlay":false,"sceneViewState":{"showFog":true,"showMaterialUpdate":false,"showSkybox":true,"showFlares":true,"showImageEffects":true,"showParticleSystems":true},"in2DMode":false,"pivot":{"x":17.10782241821289,"y":-6.030651092529297,"z":-10.461524963378907},"rotation":{"x":-0.6840478181838989,"y":0.003717805491760373,"z":-0.003486788831651211,"w":-0.7294193506240845},"size":60.64488983154297,"orthographic":false}