{"cameraMode":{"drawMode":0,"name":"Shaded","section":"Shading Mode"},"sceneLighting":true,"audioPlay":false,"sceneViewState":{"showFog":true,"showMaterialUpdate":false,"showSkybox":true,"showFlares":true,"showImageEffects":true,"showParticleSystems":true},"in2DMode":false,"pivot":{"x":17.399999618530275,"y":3.0,"z":1.5999999046325684},"rotation":{"x":-0.5153377652168274,"y":0.015423823148012162,"z":-0.009277064353227616,"w":-0.8567981123924255},"size":76.95390319824219,"orthographic":true}