{"cameraMode":{"drawMode":0,"name":"Shaded","section":"Shading Mode"},"sceneLighting":true,"audioPlay":false,"sceneViewState":{"showFog":true,"showMaterialUpdate":false,"showSkybox":true,"showFlares":true,"showImageEffects":true,"showParticleSystems":true},"in2DMode":false,"pivot":{"x":0.25490903854370119,"y":28.27374839782715,"z":-10.949827194213868},"rotation":{"x":-0.6174517273902893,"y":0.10227420181035996,"z":-0.08141206204891205,"w":-0.7756710052490234},"size":26.140777587890626,"orthographic":false}