{"cameraMode":{"drawMode":0,"name":"Shaded","section":"Shading Mode"},"sceneLighting":false,"audioPlay":false,"sceneViewState":{"showFog":true,"showMaterialUpdate":false,"showSkybox":true,"showFlares":true,"showImageEffects":true,"showParticleSystems":true},"in2DMode":false,"pivot":{"x":14.195483207702637,"y":2.8474411964416506,"z":-3.108158588409424},"rotation":{"x":-0.6174517273902893,"y":0.10227420181035996,"z":-0.08141206204891205,"w":-0.7756710052490234},"size":22.0,"orthographic":false}